{"error": false, "size": [1920, 1080], "name": "MysticPages", "version": "1.0", "location": {"label": {"splashscreen": ["game/script.rpy", 27], "start": ["game/script.rpy", 42], "prolog": ["game/script.rpy", 51], "found": ["game/script.rpy", 114], "arrive": ["game/script.rpy", 196], "chp3": ["game/script.rpy", 263], "wait": ["game/script.rpy", 266], "main_menu_screen": ["renpy/common/_layout/screen_main_menu.rpym", 26], "load_screen": ["renpy/common/_layout/screen_load_save.rpym", 26], "save_screen": ["renpy/common/_layout/screen_load_save.rpym", 32], "preferences_screen": ["renpy/common/_layout/screen_preferences.rpym", 26], "joystick_preferences_screen": ["renpy/common/_layout/classic_joystick_preferences.rpym", 118]}, "define": {"fade": ["renpy/common/00definitions.rpy", 328], "dissolve": ["renpy/common/00definitions.rpy", 329], "pixellate": ["renpy/common/00definitions.rpy", 330], "wiperight": ["renpy/common/00definitions.rpy", 333], "wipeleft": ["renpy/common/00definitions.rpy", 334], "wipeup": ["renpy/common/00definitions.rpy", 335], "wipedown": ["renpy/common/00definitions.rpy", 336], "slideright": ["renpy/common/00definitions.rpy", 338], "slideleft": ["renpy/common/00definitions.rpy", 339], "slideup": ["renpy/common/00definitions.rpy", 340], "slidedown": ["renpy/common/00definitions.rpy", 341], "slideawayright": ["renpy/common/00definitions.rpy", 343], "slideawayleft": ["renpy/common/00definitions.rpy", 344], "slideawayup": ["renpy/common/00definitions.rpy", 345], "slideawaydown": ["renpy/common/00definitions.rpy", 346], "irisout": ["renpy/common/00definitions.rpy", 348], "irisin": ["renpy/common/00definitions.rpy", 349], "pushright": ["renpy/common/00definitions.rpy", 352], "pushleft": ["renpy/common/00definitions.rpy", 353], "pushup": ["renpy/common/00definitions.rpy", 354], "pushdown": ["renpy/common/00definitions.rpy", 355], "zoomin": ["renpy/common/00definitions.rpy", 358], "zoomout": ["renpy/common/00definitions.rpy", 359], "zoominout": ["renpy/common/00definitions.rpy", 360], "vpunch": ["renpy/common/00definitions.rpy", 364], "hpunch": ["renpy/common/00definitions.rpy", 365], "blinds": ["renpy/common/00definitions.rpy", 368], "squares": ["renpy/common/00definitions.rpy", 369], "config.check_conflicting_properties": ["game/gui.rpy", 16], "gui.accent_color": ["game/gui.rpy", 29], "gui.idle_color": ["game/gui.rpy", 32], "gui.idle_small_color": ["game/gui.rpy", 36], "gui.hover_color": ["game/gui.rpy", 39], "gui.selected_color": ["game/gui.rpy", 43], "gui.insensitive_color": ["game/gui.rpy", 46], "gui.muted_color": ["game/gui.rpy", 51], "gui.hover_muted_color": ["game/gui.rpy", 52], "gui.text_color": ["game/gui.rpy", 55], "gui.interface_text_color": ["game/gui.rpy", 56], "gui.text_font": ["game/gui.rpy", 62], "gui.name_text_font": ["game/gui.rpy", 65], "gui.interface_text_font": ["game/gui.rpy", 68], "gui.text_size": ["game/gui.rpy", 71], "gui.name_text_size": ["game/gui.rpy", 74], "gui.interface_text_size": ["game/gui.rpy", 77], "gui.label_text_size": ["game/gui.rpy", 80], "gui.notify_text_size": ["game/gui.rpy", 83], "gui.title_text_size": ["game/gui.rpy", 86], "gui.main_menu_background": ["game/gui.rpy", 92], "gui.game_menu_background": ["game/gui.rpy", 93], "gui.textbox_height": ["game/gui.rpy", 102], "gui.textbox_yalign": ["game/gui.rpy", 106], "gui.name_xpos": ["game/gui.rpy", 110], "gui.name_ypos": ["game/gui.rpy", 111], "gui.name_xalign": ["game/gui.rpy", 115], "gui.namebox_width": ["game/gui.rpy", 119], "gui.namebox_height": ["game/gui.rpy", 120], "gui.namebox_borders": ["game/gui.rpy", 123], "gui.namebox_tile": ["game/gui.rpy", 127], "gui.dialogue_xpos": ["game/gui.rpy", 133], "gui.dialogue_ypos": ["game/gui.rpy", 134], "gui.dialogue_width": ["game/gui.rpy", 137], "gui.dialogue_text_xalign": ["game/gui.rpy", 141], "gui.button_width": ["game/gui.rpy", 151], "gui.button_height": ["game/gui.rpy", 152], "gui.button_borders": ["game/gui.rpy", 155], "gui.button_tile": ["game/gui.rpy", 159], "gui.button_text_font": ["game/gui.rpy", 162], "gui.button_text_size": ["game/gui.rpy", 165], "gui.button_text_idle_color": ["game/gui.rpy", 168], "gui.button_text_hover_color": ["game/gui.rpy", 169], "gui.button_text_selected_color": ["game/gui.rpy", 170], "gui.button_text_insensitive_color": ["game/gui.rpy", 171], "gui.button_text_xalign": ["game/gui.rpy", 174], "gui.radio_button_borders": ["game/gui.rpy", 183], "gui.check_button_borders": ["game/gui.rpy", 185], "gui.confirm_button_text_xalign": ["game/gui.rpy", 187], "gui.page_button_borders": ["game/gui.rpy", 189], "gui.quick_button_borders": ["game/gui.rpy", 191], "gui.quick_button_text_size": ["game/gui.rpy", 192], "gui.quick_button_text_idle_color": ["game/gui.rpy", 193], "gui.quick_button_text_selected_color": ["game/gui.rpy", 194], "gui.choice_button_width": ["game/gui.rpy", 207], "gui.choice_button_height": ["game/gui.rpy", 208], "gui.choice_button_tile": ["game/gui.rpy", 209], "gui.choice_button_borders": ["game/gui.rpy", 210], "gui.choice_button_text_font": ["game/gui.rpy", 211], "gui.choice_button_text_size": ["game/gui.rpy", 212], "gui.choice_button_text_xalign": ["game/gui.rpy", 213], "gui.choice_button_text_idle_color": ["game/gui.rpy", 214], "gui.choice_button_text_hover_color": ["game/gui.rpy", 215], "gui.choice_button_text_insensitive_color": ["game/gui.rpy", 216], "gui.slot_button_width": ["game/gui.rpy", 226], "gui.slot_button_height": ["game/gui.rpy", 227], "gui.slot_button_borders": ["game/gui.rpy", 228], "gui.slot_button_text_size": ["game/gui.rpy", 229], "gui.slot_button_text_xalign": ["game/gui.rpy", 230], "gui.slot_button_text_idle_color": ["game/gui.rpy", 231], "gui.slot_button_text_selected_idle_color": ["game/gui.rpy", 232], "gui.slot_button_textI_selected_hover_color": ["game/gui.rpy", 233], "config.thumbnail_width": ["game/gui.rpy", 236], "config.thumbnail_height": ["game/gui.rpy", 237], "gui.file_slot_cols": ["game/gui.rpy", 240], "gui.file_slot_rows": ["game/gui.rpy", 241], "gui.navigation_xpos": ["game/gui.rpy", 250], "gui.skip_ypos": ["game/gui.rpy", 253], "gui.notify_ypos": ["game/gui.rpy", 256], "gui.choice_spacing": ["game/gui.rpy", 259], "gui.navigation_spacing": ["game/gui.rpy", 262], "gui.pref_spacing": ["game/gui.rpy", 265], "gui.pref_button_spacing": ["game/gui.rpy", 268], "gui.page_spacing": ["game/gui.rpy", 271], "gui.slot_spacing": ["game/gui.rpy", 274], "gui.main_menu_text_xalign": ["game/gui.rpy", 277], "gui.frame_borders": ["game/gui.rpy", 286], "gui.confirm_frame_borders": ["game/gui.rpy", 289], "gui.skip_frame_borders": ["game/gui.rpy", 292], "gui.notify_frame_borders": ["game/gui.rpy", 295], "gui.frame_tile": ["game/gui.rpy", 298], "gui.bar_size": ["game/gui.rpy", 310], "gui.scrollbar_size": ["game/gui.rpy", 311], "gui.slider_size": ["game/gui.rpy", 312], "gui.bar_tile": ["game/gui.rpy", 316], "gui.scrollbar_tile": ["game/gui.rpy", 317], "gui.slider_tile": ["game/gui.rpy", 318], "gui.bar_borders": ["game/gui.rpy", 321], "gui.scrollbar_borders": ["game/gui.rpy", 322], "gui.slider_borders": ["game/gui.rpy", 323], "gui.vbar_borders": ["game/gui.rpy", 326], "gui.vscrollbar_borders": ["game/gui.rpy", 327], "gui.vslider_borders": ["game/gui.rpy", 328], "gui.unscrollable": ["game/gui.rpy", 332], "config.history_length": ["game/gui.rpy", 340], "gui.history_height": ["game/gui.rpy", 344], "gui.history_spacing": ["game/gui.rpy", 347], "gui.history_name_xpos": ["game/gui.rpy", 351], "gui.history_name_ypos": ["game/gui.rpy", 352], "gui.history_name_width": ["game/gui.rpy", 353], "gui.history_name_xalign": ["game/gui.rpy", 354], "gui.history_text_xpos": ["game/gui.rpy", 357], "gui.history_text_ypos": ["game/gui.rpy", 358], "gui.history_text_width": ["game/gui.rpy", 359], "gui.history_text_xalign": ["game/gui.rpy", 360], "gui.nvl_borders": ["game/gui.rpy", 368], "gui.nvl_list_length": ["game/gui.rpy", 372], "gui.nvl_height": ["game/gui.rpy", 376], "gui.nvl_spacing": ["game/gui.rpy", 380], "gui.nvl_name_xpos": ["game/gui.rpy", 384], "gui.nvl_name_ypos": ["game/gui.rpy", 385], "gui.nvl_name_width": ["game/gui.rpy", 386], "gui.nvl_name_xalign": ["game/gui.rpy", 387], "gui.nvl_text_xpos": ["game/gui.rpy", 390], "gui.nvl_text_ypos": ["game/gui.rpy", 391], "gui.nvl_text_width": ["game/gui.rpy", 392], "gui.nvl_text_xalign": ["game/gui.rpy", 393], "gui.nvl_thought_xpos": ["game/gui.rpy", 397], "gui.nvl_thought_ypos": ["game/gui.rpy", 398], "gui.nvl_thought_width": ["game/gui.rpy", 399], "gui.nvl_thought_xalign": ["game/gui.rpy", 400], "gui.nvl_button_xpos": ["game/gui.rpy", 403], "gui.nvl_button_xalign": ["game/gui.rpy", 404], "gui.language": ["game/gui.rpy", 413], "quick_menu": ["game/screens.rpy", 282], "gui.history_allow_tags": ["game/screens.rpy", 975], "config.nvl_list_length": ["game/screens.rpy", 1413], "bubble.frame": ["game/screens.rpy", 1522], "bubble.thoughtframe": ["game/screens.rpy", 1523], "bubble.properties": ["game/screens.rpy", 1525], "bubble.expand_area": ["game/screens.rpy", 1551], "bubble.tag_properties": ["renpy/common/00speechbubble.rpy", 24], "bubble.current_dialogue": ["renpy/common/00speechbubble.rpy", 28], "config.name": ["game/options.rpy", 15], "gui.show_name": ["game/options.rpy", 21], "config.version": ["game/options.rpy", 26], "gui.about": ["game/options.rpy", 32], "build.name": ["game/options.rpy", 40], "config.has_sound": ["game/options.rpy", 49], "config.has_music": ["game/options.rpy", 50], "config.has_voice": ["game/options.rpy", 51], "config.enter_transition": ["game/options.rpy", 77], "config.exit_transition": ["game/options.rpy", 78], "config.intra_transition": ["game/options.rpy", 83], "config.after_load_transition": ["game/options.rpy", 88], "config.end_game_transition": ["game/options.rpy", 93], "config.window": ["game/options.rpy", 111], "config.window_show_transition": ["game/options.rpy", 116], "config.window_hide_transition": ["game/options.rpy", 117], "config.save_directory": ["game/options.rpy", 149], "config.window_icon": ["game/options.rpy", 156], "mc": ["game/script.rpy", 14], "a": ["game/script.rpy", 15], "o": ["game/script.rpy", 16], "s": ["game/script.rpy", 17], "right2": ["game/script.rpy", 20], "right3": ["game/script.rpy", 21], "left2": ["game/script.rpy", 22], "left3": ["game/script.rpy", 23], "center2": ["game/script.rpy", 24]}, "screen": {"director_move_button": ["renpy/common/00director.rpy", 1507], "director_lines": ["renpy/common/00director.rpy", 1522], "director_statement": ["renpy/common/00director.rpy", 1589], "director_with_statement": ["renpy/common/00director.rpy", 1617], "director_audio_statement": ["renpy/common/00director.rpy", 1629], "director_footer": ["renpy/common/00director.rpy", 1647], "director_choices": ["renpy/common/00director.rpy", 1675], "director_kind": ["renpy/common/00director.rpy", 1697], "director_tag": ["renpy/common/00director.rpy", 1718], "director_attributes": ["renpy/common/00director.rpy", 1734], "director_transform": ["renpy/common/00director.rpy", 1757], "director_behind": ["renpy/common/00director.rpy", 1781], "director_with": ["renpy/common/00director.rpy", 1804], "director_channel": ["renpy/common/00director.rpy", 1827], "director_audio": ["renpy/common/00director.rpy", 1850], "director": ["renpy/common/00director.rpy", 1871], "notify": ["game/screens.rpy", 1321], "gallery_navigation": ["renpy/common/00gallery.rpy", 656], "updater": ["renpy/common/00updater.rpy", 2011], "downloader": ["renpy/common/00updater.rpy", 2070], "sync_confirm": ["renpy/common/00sync.rpy", 422], "sync_prompt": ["renpy/common/00sync.rpy", 454], "sync_success": ["renpy/common/00sync.rpy", 495], "sync_error": ["renpy/common/00sync.rpy", 533], "say": ["game/screens.rpy", 111], "input": ["game/screens.rpy", 188], "choice": ["game/screens.rpy", 225], "quick_menu": ["game/screens.rpy", 1571], "navigation": ["game/screens.rpy", 303], "main_menu": ["game/screens.rpy", 410], "game_menu": ["game/screens.rpy", 473], "about": ["game/screens.rpy", 600], "save": ["game/screens.rpy", 639], "load": ["game/screens.rpy", 646], "file_slots": ["game/screens.rpy", 653], "preferences": ["game/screens.rpy", 740], "history": ["game/screens.rpy", 929], "help": ["game/screens.rpy", 1025], "keyboard_help": ["game/screens.rpy", 1062], "mouse_help": ["game/screens.rpy", 1113], "gamepad_help": ["game/screens.rpy", 1136], "confirm": ["game/screens.rpy", 1201], "skip_indicator": ["game/screens.rpy", 1265], "nvl": ["game/screens.rpy", 1360], "nvl_dialogue": ["game/screens.rpy", 1392], "bubble": ["game/screens.rpy", 1480], "iconbutton": ["renpy/common/00iconbutton.rpy", 32]}, "transform": {"reset": ["renpy/common/00definitions.rpy", 29], "left": ["renpy/common/00definitions.rpy", 35], "right": ["renpy/common/00definitions.rpy", 38], "center": ["renpy/common/00definitions.rpy", 41], "truecenter": ["renpy/common/00definitions.rpy", 44], "topleft": ["renpy/common/00definitions.rpy", 47], "topright": ["renpy/common/00definitions.rpy", 50], "top": ["renpy/common/00definitions.rpy", 53], "offscreenleft": ["renpy/common/00definitions.rpy", 59], "offscreenright": ["renpy/common/00definitions.rpy", 62], "default": ["renpy/common/00definitions.rpy", 65], "Swing": ["renpy/common/00definitions.rpy", 371], "judul": ["game/screens.rpy", 74], "delayed_blink": ["game/screens.rpy", 1283], "notify_appear": ["game/screens.rpy", 1332]}, "callable": {"predict_say": ["renpy/common/00library.rpy", 312], "say": ["renpy/common/00library.rpy", 319], "DictEquality.__eq__": ["renpy/common/00library.rpy", 41], "DictEquality.__ne__": ["renpy/common/00library.rpy", 58], "DictEquality.__hash__": ["renpy/common/00library.rpy", 61], "FieldEquality.__eq__": ["renpy/common/00library.rpy", 79], "FieldEquality.__ne__": ["renpy/common/00library.rpy", 106], "FieldEquality.__hash__": ["renpy/common/00library.rpy", 109], "SideImage": ["renpy/common/00sideimage.rpy", 89], "AddToSet.__init__": ["renpy/common/00action_data.rpy", 369], "AddToSet.get_sensitive": ["renpy/common/00action_data.rpy", 373], "AddToSet.__call__": ["renpy/common/00action_data.rpy", 376], "RemoveFromSet.__init__": ["renpy/common/00action_data.rpy", 400], "RemoveFromSet.get_sensitive": ["renpy/common/00action_data.rpy", 404], "RemoveFromSet.__call__": ["renpy/common/00action_data.rpy", 407], "ToggleSetMembership.__init__": ["renpy/common/00action_data.rpy", 434], "ToggleSetMembership.get_selected": ["renpy/common/00action_data.rpy", 438], "ToggleSetMembership.__call__": ["renpy/common/00action_data.rpy", 441], "toggle_skipping": ["renpy/common/00keymap.rpy", 233], "DisableAllInputValues.__call__": ["renpy/common/00inputvalues.rpy", 76], "InputValue.get_text": ["renpy/common/00inputvalues.rpy", 90], "InputValue.set_text": ["renpy/common/00inputvalues.rpy", 93], "InputValue.enter": ["renpy/common/00inputvalues.rpy", 96], "InputValue.Enable": ["renpy/common/00inputvalues.rpy", 102], "InputValue.Disable": ["renpy/common/00inputvalues.rpy", 108], "InputValue.Toggle": ["renpy/common/00inputvalues.rpy", 114], "ScreenVariableInputValue.__init__": ["renpy/common/00inputvalues.rpy", 151], "ScreenVariableInputValue.get_text": ["renpy/common/00inputvalues.rpy", 156], "ScreenVariableInputValue.set_text": ["renpy/common/00inputvalues.rpy", 160], "FieldInputValue.__init__": ["renpy/common/00inputvalues.rpy", 182], "FieldInputValue.get_text": ["renpy/common/00inputvalues.rpy", 187], "FieldInputValue.set_text": ["renpy/common/00inputvalues.rpy", 190], "VariableInputValue.after_upgrade": ["renpy/common/00inputvalues.rpy", 214], "VariableInputValue.__init__": ["renpy/common/00inputvalues.rpy", 220], "DictInputValue.__init__": ["renpy/common/00inputvalues.rpy", 238], "DictInputValue.get_text": ["renpy/common/00inputvalues.rpy", 243], "DictInputValue.set_text": ["renpy/common/00inputvalues.rpy", 246], "LocalVariableInputValue.__init__": ["renpy/common/00inputvalues.rpy", 270], "LocalVariableInputValue.get_text": ["renpy/common/00inputvalues.rpy", 273], "alt": ["renpy/common/00accessibility.rpy", 46], "sv": ["renpy/common/00accessibility.rpy", 46], "Play.__init__": ["renpy/common/00action_audio.rpy", 52], "Play.__call__": ["renpy/common/00action_audio.rpy", 63], "Play.get_selected": ["renpy/common/00action_audio.rpy", 67], "Play.periodic": ["renpy/common/00action_audio.rpy", 75], "Queue.__init__": ["renpy/common/00action_audio.rpy", 100], "Queue.__call__": ["renpy/common/00action_audio.rpy", 105], "Stop.__init__": ["renpy/common/00action_audio.rpy", 122], "Stop.__call__": ["renpy/common/00action_audio.rpy", 126], "SetMixer.__init__": ["renpy/common/00action_audio.rpy", 146], "SetMixer.__call__": ["renpy/common/00action_audio.rpy", 150], "SetMixer.get_selected": ["renpy/common/00action_audio.rpy", 154], "GetMixer": ["renpy/common/00action_audio.rpy", 157], "SetMute.__init__": ["renpy/common/00action_audio.rpy", 194], "SetMute.__call__": ["renpy/common/00action_audio.rpy", 201], "SetMute.get_selected": ["renpy/common/00action_audio.rpy", 207], "ToggleMute.__init__": ["renpy/common/00action_audio.rpy", 227], "ToggleMute.__call__": ["renpy/common/00action_audio.rpy", 233], "ToggleMute.get_selected": ["renpy/common/00action_audio.rpy", 241], "PauseAudio.__init__": ["renpy/common/00action_audio.rpy", 261], "PauseAudio.__call__": ["renpy/common/00action_audio.rpy", 265], "PauseAudio.get_selected": ["renpy/common/00action_audio.rpy", 273], "NullAction.__call__": ["renpy/common/00action_control.rpy", 35], "Return.__init__": ["renpy/common/00action_control.rpy", 53], "Return.__call__": ["renpy/common/00action_control.rpy", 56], "Jump.__init__": ["renpy/common/00action_control.rpy", 75], "Jump.__call__": ["renpy/common/00action_control.rpy", 78], "Call.__init__": ["renpy/common/00action_control.rpy", 93], "Call.__call__": ["renpy/common/00action_control.rpy", 98], "Show.__init__": ["renpy/common/00action_control.rpy", 121], "Show.predict": ["renpy/common/00action_control.rpy", 127], "Show.__call__": ["renpy/common/00action_control.rpy", 130], "Show.get_selected": ["renpy/common/00action_control.rpy", 138], "ToggleScreen.__init__": ["renpy/common/00action_control.rpy", 159], "ToggleScreen.predict": ["renpy/common/00action_control.rpy", 165], "ToggleScreen.__call__": ["renpy/common/00action_control.rpy", 168], "ToggleScreen.get_selected": ["renpy/common/00action_control.rpy", 179], "ShowTransient": ["renpy/common/00action_control.rpy", 184], "Hide.__init__": ["renpy/common/00action_control.rpy", 226], "Hide.__call__": ["renpy/common/00action_control.rpy", 232], "FileCurrentPage": ["renpy/common/00action_file.rpy", 187], "FileUsedSlots": ["renpy/common/00action_file.rpy", 196], "FileLoadable": ["renpy/common/00action_file.rpy", 226], "FileScreenshot": ["renpy/common/00action_file.rpy", 236], "FileTime": ["renpy/common/00action_file.rpy", 258], "FileJson": ["renpy/common/00action_file.rpy", 279], "FileSaveName": ["renpy/common/00action_file.rpy", 324], "FileNewest": ["renpy/common/00action_file.rpy", 334], "FileSave.__init__": ["renpy/common/00action_file.rpy", 383], "FileSave.__call__": ["renpy/common/00action_file.rpy", 399], "FileSave.get_sensitive": ["renpy/common/00action_file.rpy", 421], "FileSave.get_selected": ["renpy/common/00action_file.rpy", 433], "FileLoad.__init__": ["renpy/common/00action_file.rpy", 469], "FileLoad.__call__": ["renpy/common/00action_file.rpy", 485], "FileLoad.get_sensitive": ["renpy/common/00action_file.rpy", 501], "FileLoad.get_selected": ["renpy/common/00action_file.rpy", 507], "FileDelete.__init__": ["renpy/common/00action_file.rpy", 537], "FileDelete.__call__": ["renpy/common/00action_file.rpy", 543], "FileDelete.get_sensitive": ["renpy/common/00action_file.rpy", 556], "FileAction": ["renpy/common/00action_file.rpy", 560], "FilePage.__init__": ["renpy/common/00action_file.rpy", 609], "FilePage.__call__": ["renpy/common/00action_file.rpy", 619], "FilePage.get_selected": ["renpy/common/00action_file.rpy", 626], "FilePage.predict": ["renpy/common/00action_file.rpy", 629], "FilePageName": ["renpy/common/00action_file.rpy", 632], "FilePageNameInputValue.__init__": ["renpy/common/00action_file.rpy", 675], "FilePageNameInputValue.get_page": ["renpy/common/00action_file.rpy", 685], "FilePageNameInputValue.get_text": ["renpy/common/00action_file.rpy", 702], "FilePageNameInputValue.set_text": ["renpy/common/00action_file.rpy", 724], "FilePageNameInputValue.enter": ["renpy/common/00action_file.rpy", 742], "FileSlotName": ["renpy/common/00action_file.rpy", 747], "FilePageNext.__init__": ["renpy/common/00action_file.rpy", 818], "FilePageNext.__call__": ["renpy/common/00action_file.rpy", 851], "FilePageNext.get_sensitive": ["renpy/common/00action_file.rpy", 858], "FilePageNext.predict": ["renpy/common/00action_file.rpy", 861], "FilePagePrevious.__init__": ["renpy/common/00action_file.rpy", 890], "FilePagePrevious.__call__": ["renpy/common/00action_file.rpy", 921], "FilePagePrevious.get_sensitive": ["renpy/common/00action_file.rpy", 928], "FilePagePrevious.predict": ["renpy/common/00action_file.rpy", 931], "FileTakeScreenshot.__call__": ["renpy/common/00action_file.rpy", 944], "QuickSave": ["renpy/common/00action_file.rpy", 949], "QuickLoad": ["renpy/common/00action_file.rpy", 972], "ShowMenu.__init__": ["renpy/common/00action_menu.rpy", 73], "ShowMenu.predict": ["renpy/common/00action_menu.rpy", 79], "ShowMenu.__call__": ["renpy/common/00action_menu.rpy", 83], "ShowMenu.get_selected": ["renpy/common/00action_menu.rpy", 122], "ShowMenu.get_sensitive": ["renpy/common/00action_menu.rpy", 130], "Continue.__init__": ["renpy/common/00action_menu.rpy", 162], "Continue.__call__": ["renpy/common/00action_menu.rpy", 166], "Continue.get_sensitive": ["renpy/common/00action_menu.rpy", 176], "Start.__init__": ["renpy/common/00action_menu.rpy", 195], "Start.__call__": ["renpy/common/00action_menu.rpy", 198], "MainMenu.__init__": ["renpy/common/00action_menu.rpy", 222], "MainMenu.__call__": ["renpy/common/00action_menu.rpy", 226], "MainMenu.get_sensitive": ["renpy/common/00action_menu.rpy", 239], "Quit.__init__": ["renpy/common/00action_menu.rpy", 257], "Quit.__call__": ["renpy/common/00action_menu.rpy", 260], "Skip.__init__": ["renpy/common/00action_menu.rpy", 295], "Skip.__call__": ["renpy/common/00action_menu.rpy", 299], "Skip.get_selected": ["renpy/common/00action_menu.rpy", 332], "Skip.get_sensitive": ["renpy/common/00action_menu.rpy", 338], "Help.__init__": ["renpy/common/00action_menu.rpy", 377], "Help.__call__": ["renpy/common/00action_menu.rpy", 380], "InvertSelected.__init__": ["renpy/common/00action_other.rpy", 33], "InvertSelected.__call__": ["renpy/common/00action_other.rpy", 41], "InvertSelected.get_selected": ["renpy/common/00action_other.rpy", 44], "InvertSelected.get_sensitive": ["renpy/common/00action_other.rpy", 47], "InvertSelected.periodic": ["renpy/common/00action_other.rpy", 50], "InvertSelected.predict": ["renpy/common/00action_other.rpy", 53], "If": ["renpy/common/00action_other.rpy", 57], "SelectedIf.__init__": ["renpy/common/00action_other.rpy", 91], "SelectedIf.__call__": ["renpy/common/00action_other.rpy", 98], "SelectedIf.get_selected": ["renpy/common/00action_other.rpy", 103], "SensitiveIf.__init__": ["renpy/common/00action_other.rpy", 125], "SensitiveIf.__call__": ["renpy/common/00action_other.rpy", 132], "SensitiveIf.get_sensitive": ["renpy/common/00action_other.rpy", 137], "Screenshot.__call__": ["renpy/common/00action_other.rpy", 148], "HideInterface.__call__": ["renpy/common/00action_other.rpy", 160], "OpenURL.__init__": ["renpy/common/00action_other.rpy", 172], "OpenURL.__call__": ["renpy/common/00action_other.rpy", 175], "With.__init__": ["renpy/common/00action_other.rpy", 185], "With.__call__": ["renpy/common/00action_other.rpy", 188], "Notify.__init__": ["renpy/common/00action_other.rpy", 200], "Notify.predict": ["renpy/common/00action_other.rpy", 203], "Notify.__call__": ["renpy/common/00action_other.rpy", 206], "Rollback.__init__": ["renpy/common/00action_other.rpy", 225], "Rollback.__call__": ["renpy/common/00action_other.rpy", 230], "Rollback.get_sensitive": ["renpy/common/00action_other.rpy", 233], "RollbackToIdentifier.__init__": ["renpy/common/00action_other.rpy", 244], "RollbackToIdentifier.__call__": ["renpy/common/00action_other.rpy", 247], "RollbackToIdentifier.get_sensitive": ["renpy/common/00action_other.rpy", 253], "RestartStatement.__call__": ["renpy/common/00action_other.rpy", 270], "RollForward.__call__": ["renpy/common/00action_other.rpy", 282], "RollForward.get_sensitive": ["renpy/common/00action_other.rpy", 285], "GetTooltip": ["renpy/common/00action_other.rpy", 291], "Tooltip.__init__": ["renpy/common/00action_other.rpy", 345], "Tooltip.Action": ["renpy/common/00action_other.rpy", 349], "Tooltip.action": ["renpy/common/00action_other.rpy", 349], "Language.__init__": ["renpy/common/00action_other.rpy", 381], "Language.__call__": ["renpy/common/00action_other.rpy", 384], "Language.get_selected": ["renpy/common/00action_other.rpy", 387], "Language.get_sensitive": ["renpy/common/00action_other.rpy", 390], "Replay.__init__": ["renpy/common/00action_other.rpy", 420], "Replay.__call__": ["renpy/common/00action_other.rpy", 425], "Replay.get_sensitive": ["renpy/common/00action_other.rpy", 438], "EndReplay.__init__": ["renpy/common/00action_other.rpy", 455], "EndReplay.__call__": ["renpy/common/00action_other.rpy", 458], "EndReplay.get_sensitive": ["renpy/common/00action_other.rpy", 468], "MouseMove.__init__": ["renpy/common/00action_other.rpy", 485], "MouseMove.__call__": ["renpy/common/00action_other.rpy", 490], "QueueEvent.__init__": ["renpy/common/00action_other.rpy", 503], "QueueEvent.__call__": ["renpy/common/00action_other.rpy", 507], "Function.__eq__": ["renpy/common/00action_other.rpy", 543], "Function.__init__": ["renpy/common/00action_other.rpy", 573], "Function.__call__": ["renpy/common/00action_other.rpy", 581], "Confirm.__init__": ["renpy/common/00action_other.rpy", 613], "Confirm.__call__": ["renpy/common/00action_other.rpy", 619], "Confirm.get_sensitive": ["renpy/common/00action_other.rpy", 625], "Confirm.get_selected": ["renpy/common/00action_other.rpy", 631], "Confirm.get_tooltip": ["renpy/common/00action_other.rpy", 634], "Scroll.__init__": ["renpy/common/00action_other.rpy", 662], "Scroll.get_adjustment_and_delta": ["renpy/common/00action_other.rpy", 669], "Scroll.get_sensitive": ["renpy/common/00action_other.rpy", 698], "Scroll.__call__": ["renpy/common/00action_other.rpy", 714], "OpenDirectory.__init__": ["renpy/common/00action_other.rpy", 746], "OpenDirectory.get_sensitive": ["renpy/common/00action_other.rpy", 754], "OpenDirectory.__call__": ["renpy/common/00action_other.rpy", 759], "CaptureFocus.__init__": ["renpy/common/00action_other.rpy", 795], "CaptureFocus.__call__": ["renpy/common/00action_other.rpy", 798], "ToggleFocus.__init__": ["renpy/common/00action_other.rpy", 815], "ToggleFocus.__call__": ["renpy/common/00action_other.rpy", 818], "ClearFocus.__init__": ["renpy/common/00action_other.rpy", 838], "ClearFocus.__call__": ["renpy/common/00action_other.rpy", 841], "GetFocusRect": ["renpy/common/00action_other.rpy", 845], "ExecJS.__init__": ["renpy/common/00action_other.rpy", 875], "ExecJS.__call__": ["renpy/common/00action_other.rpy", 878], "CurrentScreenName": ["renpy/common/00action_other.rpy", 885], "CopyToClipboard.__init__": ["renpy/common/00action_other.rpy", 911], "CopyToClipboard.__call__": ["renpy/common/00action_other.rpy", 914], "EditFile.__init__": ["renpy/common/00action_other.rpy", 934], "EditFile.__call__": ["renpy/common/00action_other.rpy", 938], "StaticValue.__init__": ["renpy/common/00barvalues.rpy", 38], "StaticValue.get_adjustment": ["renpy/common/00barvalues.rpy", 42], "AnimatedValue.__init__": ["renpy/common/00barvalues.rpy", 69], "AnimatedValue.get_adjustment": ["renpy/common/00barvalues.rpy", 81], "AnimatedValue.periodic": ["renpy/common/00barvalues.rpy", 85], "AnimatedValue.replaces": ["renpy/common/00barvalues.rpy", 103], "DictValue.__init__": ["renpy/common/00barvalues.rpy", 204], "DictValue.get_value": ["renpy/common/00barvalues.rpy", 209], "DictValue.set_value": ["renpy/common/00barvalues.rpy", 214], "FieldValue.__init__": ["renpy/common/00barvalues.rpy", 240], "FieldValue.get_value": ["renpy/common/00barvalues.rpy", 245], "FieldValue.set_value": ["renpy/common/00barvalues.rpy", 250], "VariableValue.__init__": ["renpy/common/00barvalues.rpy", 270], "ScreenVariableValue.__init__": ["renpy/common/00barvalues.rpy", 295], "ScreenVariableValue.get_value": ["renpy/common/00barvalues.rpy", 299], "ScreenVariableValue.set_value": ["renpy/common/00barvalues.rpy", 311], "LocalVariableValue.__init__": ["renpy/common/00barvalues.rpy", 338], "MixerValue.__init__": ["renpy/common/00barvalues.rpy", 404], "MixerValue.get_volume": ["renpy/common/00barvalues.rpy", 407], "MixerValue.set_volume": ["renpy/common/00barvalues.rpy", 410], "MixerValue.set_mixer": ["renpy/common/00barvalues.rpy", 413], "MixerValue.get_mixer": ["renpy/common/00barvalues.rpy", 428], "MixerValue.get_adjustment": ["renpy/common/00barvalues.rpy", 443], "MixerValue.get_style": ["renpy/common/00barvalues.rpy", 458], "XScrollValue.__init__": ["renpy/common/00barvalues.rpy", 485], "XScrollValue.get_adjustment": ["renpy/common/00barvalues.rpy", 488], "XScrollValue.get_style": ["renpy/common/00barvalues.rpy", 495], "YScrollValue.__init__": ["renpy/common/00barvalues.rpy", 509], "YScrollValue.get_adjustment": ["renpy/common/00barvalues.rpy", 512], "YScrollValue.get_style": ["renpy/common/00barvalues.rpy", 520], "AudioPositionValue.__init__": ["renpy/common/00barvalues.rpy", 536], "AudioPositionValue.get_pos_duration": ["renpy/common/00barvalues.rpy", 542], "AudioPositionValue.get_adjustment": ["renpy/common/00barvalues.rpy", 548], "AudioPositionValue.periodic": ["renpy/common/00barvalues.rpy", 553], "hyperlink_styler": ["renpy/common/00defaults.rpy", 220], "hyperlink_function": ["renpy/common/00defaults.rpy", 223], "hyperlink_sensitive": ["renpy/common/00defaults.rpy", 235], "Gallery.__init__": ["renpy/common/00gallery.rpy", 244], "Gallery.button": ["renpy/common/00gallery.rpy", 269], "Gallery.image": ["renpy/common/00gallery.rpy", 286], "Gallery.display": ["renpy/common/00gallery.rpy", 286], "Gallery.transform": ["renpy/common/00gallery.rpy", 312], "Gallery.unlock": ["renpy/common/00gallery.rpy", 326], "Gallery.condition": ["renpy/common/00gallery.rpy", 337], "Gallery.allprior": ["renpy/common/00gallery.rpy", 352], "Gallery.unlock_image": ["renpy/common/00gallery.rpy", 362], "Gallery.Action": ["renpy/common/00gallery.rpy", 377], "Gallery.make_button": ["renpy/common/00gallery.rpy", 395], "Gallery.get_fraction": ["renpy/common/00gallery.rpy", 453], "Gallery.show": ["renpy/common/00gallery.rpy", 486], "Gallery.Return": ["renpy/common/00gallery.rpy", 577], "Gallery.Next": ["renpy/common/00gallery.rpy", 586], "Gallery.Previous": ["renpy/common/00gallery.rpy", 601], "Gallery.ToggleSlideshow": ["renpy/common/00gallery.rpy", 616], "SplineMatrix.__init__": ["renpy/common/00matrixcolor.rpy", 89], "SplineMatrix.__call__": ["renpy/common/00matrixcolor.rpy", 93], "IdentityMatrix.get": ["renpy/common/00matrixcolor.rpy", 144], "SaturationMatrix.__init__": ["renpy/common/00matrixcolor.rpy", 173], "SaturationMatrix.get": ["renpy/common/00matrixcolor.rpy", 177], "TintMatrix.__init__": ["renpy/common/00matrixcolor.rpy", 202], "TintMatrix.__call__": ["renpy/common/00matrixcolor.rpy", 205], "BrightnessMatrix.get": ["renpy/common/00matrixcolor.rpy", 253], "OpacityMatrix.get": ["renpy/common/00matrixcolor.rpy", 272], "ContrastMatrix.get": ["renpy/common/00matrixcolor.rpy", 294], "ColorizeMatrix.__init__": ["renpy/common/00matrixcolor.rpy", 323], "ColorizeMatrix.__call__": ["renpy/common/00matrixcolor.rpy", 328], "HueMatrix.get": ["renpy/common/00matrixcolor.rpy", 365], "InvertMatrix.get": ["renpy/common/00matrixcolor.rpy", 395], "SepiaMatrix": ["renpy/common/00matrixcolor.rpy", 404], "MouseDisplayable.__init__": ["renpy/common/00mousedisplayable.rpy", 41], "MouseDisplayable.add": ["renpy/common/00mousedisplayable.rpy", 50], "MouseDisplayable.render": ["renpy/common/00mousedisplayable.rpy", 61], "MouseDisplayable.visit": ["renpy/common/00mousedisplayable.rpy", 99], "MusicRoom.__init__": ["renpy/common/00musicroom.rpy", 189], "MusicRoom.periodic": ["renpy/common/00musicroom.rpy", 270], "MusicRoom.add": ["renpy/common/00musicroom.rpy", 289], "MusicRoom.is_unlocked": ["renpy/common/00musicroom.rpy", 319], "MusicRoom.unlocked_playlist": ["renpy/common/00musicroom.rpy", 332], "MusicRoom.play": ["renpy/common/00musicroom.rpy", 357], "MusicRoom.queue_if_playing": ["renpy/common/00musicroom.rpy", 400], "MusicRoom.stop": ["renpy/common/00musicroom.rpy", 418], "MusicRoom.next": ["renpy/common/00musicroom.rpy", 425], "MusicRoom.previous": ["renpy/common/00musicroom.rpy", 436], "MusicRoom.Play": ["renpy/common/00musicroom.rpy", 443], "MusicRoom.RandomPlay": ["renpy/common/00musicroom.rpy", 464], "MusicRoom.TogglePlay": ["renpy/common/00musicroom.rpy", 474], "MusicRoom.TogglePause": ["renpy/common/00musicroom.rpy", 485], "MusicRoom.Stop": ["renpy/common/00musicroom.rpy", 497], "MusicRoom.Next": ["renpy/common/00musicroom.rpy", 506], "MusicRoom.Previous": ["renpy/common/00musicroom.rpy", 516], "MusicRoom.SetLoop": ["renpy/common/00musicroom.rpy", 526], "MusicRoom.SetSingleTrack": ["renpy/common/00musicroom.rpy", 535], "MusicRoom.SetShuffle": ["renpy/common/00musicroom.rpy", 548], "MusicRoom.ToggleLoop": ["renpy/common/00musicroom.rpy", 560], "MusicRoom.ToggleSingleTrack": ["renpy/common/00musicroom.rpy", 570], "MusicRoom.ToggleShuffle": ["renpy/common/00musicroom.rpy", 579], "nvl_show_core": ["renpy/common/00nvl_mode.rpy", 203], "nvl_window": ["renpy/common/00nvl_mode.rpy", 236], "nvl_show": ["renpy/common/00nvl_mode.rpy", 239], "nvl_hide": ["renpy/common/00nvl_mode.rpy", 256], "nvl_erase": ["renpy/common/00nvl_mode.rpy", 275], "nvl_clear_next": ["renpy/common/00nvl_mode.rpy", 280], "NVLCharacter.__init__": ["renpy/common/00nvl_mode.rpy", 302], "NVLCharacter.push_nvl_list": ["renpy/common/00nvl_mode.rpy", 323], "NVLCharacter.pop_nvl_list": ["renpy/common/00nvl_mode.rpy", 345], "NVLCharacter.do_add": ["renpy/common/00nvl_mode.rpy", 349], "NVLCharacter.do_display": ["renpy/common/00nvl_mode.rpy", 361], "NVLCharacter.do_done": ["renpy/common/00nvl_mode.rpy", 400], "NVLCharacter.do_extend": ["renpy/common/00nvl_mode.rpy", 423], "nvl_clear": ["renpy/common/00nvl_mode.rpy", 449], "nvl_menu": ["renpy/common/00nvl_mode.rpy", 462], "NVLSpeaker.__init__": ["renpy/common/00nvl_mode.rpy", 302], "NVLSpeaker.push_nvl_list": ["renpy/common/00nvl_mode.rpy", 323], "NVLSpeaker.pop_nvl_list": ["renpy/common/00nvl_mode.rpy", 345], "NVLSpeaker.do_add": ["renpy/common/00nvl_mode.rpy", 349], "NVLSpeaker.do_display": ["renpy/common/00nvl_mode.rpy", 361], "NVLSpeaker.do_done": ["renpy/common/00nvl_mode.rpy", 400], "NVLSpeaker.do_extend": ["renpy/common/00nvl_mode.rpy", 423], "Placeholder.after_setstate": ["renpy/common/00placeholder.rpy", 34], "Placeholder.__init__": ["renpy/common/00placeholder.rpy", 37], "Placeholder.guess_base": ["renpy/common/00placeholder.rpy", 92], "Placeholder.get_child": ["renpy/common/00placeholder.rpy", 134], "Placeholder.visit": ["renpy/common/00placeholder.rpy", 215], "Placeholder.render": ["renpy/common/00placeholder.rpy", 218], "Preference": ["renpy/common/00preferences.rpy", 94], "SplineMotion": ["renpy/common/00splines.rpy", 126], "StylePreference.__init__": ["renpy/common/00stylepreferences.rpy", 180], "StylePreference.__call__": ["renpy/common/00stylepreferences.rpy", 187], "StylePreference.get_selected": ["renpy/common/00stylepreferences.rpy", 190], "voice": ["renpy/common/00voice.rpy", 73], "voice_sustain": ["renpy/common/00voice.rpy", 106], "voice_replay": ["renpy/common/00voice.rpy", 119], "voice_can_replay": ["renpy/common/00voice.rpy", 130], "SetVoiceMute.__init__": ["renpy/common/00voice.rpy", 149], "SetVoiceMute.get_selected": ["renpy/common/00voice.rpy", 153], "SetVoiceMute.__call__": ["renpy/common/00voice.rpy", 159], "SetCharacterVolume": ["renpy/common/00voice.rpy", 168], "GetCharacterVolume": ["renpy/common/00voice.rpy", 198], "PlayCharacterVoice.__init__": ["renpy/common/00voice.rpy", 231], "PlayCharacterVoice.__call__": ["renpy/common/00voice.rpy", 237], "PlayCharacterVoice.get_selected": ["renpy/common/00voice.rpy", 248], "PlayCharacterVoice.periodic": ["renpy/common/00voice.rpy", 255], "ToggleVoiceMute.__init__": ["renpy/common/00voice.rpy", 279], "ToggleVoiceMute.get_selected": ["renpy/common/00voice.rpy", 284], "ToggleVoiceMute.__call__": ["renpy/common/00voice.rpy", 292], "VoiceReplay.__call__": ["renpy/common/00voice.rpy", 308], "VoiceReplay.get_sensitive": ["renpy/common/00voice.rpy", 311], "VoiceInfo.__init__": ["renpy/common/00voice.rpy", 320], "TransformMatrix.__init__": ["renpy/common/00matrixtransform.rpy", 37], "TransformMatrix.__call__": ["renpy/common/00matrixtransform.rpy", 44], "RoundRect": ["renpy/common/00themes.rpy", 35], "JSONDB.__init__": ["renpy/common/00db_ren.py", 171], "JSONDB.save": ["renpy/common/00db_ren.py", 213], "JSONDB.__getitem__": ["renpy/common/00db_ren.py", 233], "JSONDB.__delitem__": ["renpy/common/00db_ren.py", 240], "JSONDB.__setitem__": ["renpy/common/00db_ren.py", 245], "JSONDB.__iter__": ["renpy/common/00db_ren.py", 248], "JSONDB.__reversed__": ["renpy/common/00db_ren.py", 251], "JSONDB.values": ["renpy/common/00db_ren.py", 254], "JSONDB.keys": ["renpy/common/00db_ren.py", 257], "JSONDB.items": ["renpy/common/00db_ren.py", 260], "JSONDB.__len__": ["renpy/common/00db_ren.py", 263], "GamepadExists": ["renpy/common/00gamepad.rpy", 254], "GamepadCalibrate": ["renpy/common/00gamepad.rpy", 271], "UploadSync.__call__": ["renpy/common/00sync.rpy", 54], "UploadSync.get_sensitive": ["renpy/common/00sync.rpy", 57], "DownloadSync.__call__": ["renpy/common/00sync.rpy", 68], "DownloadSync.get_sensitive": ["renpy/common/00sync.rpy", 72], "touch": ["game/gui.rpy", 425], "small": ["game/gui.rpy", 432], "gui.init": ["renpy/common/00gui.rpy", 32], "gui.variant": ["renpy/common/00gui.rpy", 84], "gui.rebuild": ["renpy/common/00gui.rpy", 111], "gui.preference": ["renpy/common/00gui.rpy", 142], "gui.SetPreference.__init__": ["renpy/common/00gui.rpy", 191], "gui.SetPreference.__call__": ["renpy/common/00gui.rpy", 196], "gui.SetPreference.get_selected": ["renpy/common/00gui.rpy", 204], "gui.TogglePreference.__init__": ["renpy/common/00gui.rpy", 227], "gui.TogglePreference.__call__": ["renpy/common/00gui.rpy", 233], "gui.TogglePreference.get_selected": ["renpy/common/00gui.rpy", 244], "gui.button_properties": ["renpy/common/00gui.rpy", 257], "gui.text_properties": ["renpy/common/00gui.rpy", 337], "gui.button_text_properties": ["renpy/common/00gui.rpy", 337], "_warper.linear": ["renpy/common/000atl.rpy", 41], "_warper.easeout": ["renpy/common/000atl.rpy", 45], "_warper.easein": ["renpy/common/000atl.rpy", 50], "_warper.ease": ["renpy/common/000atl.rpy", 55], "_warper.easeout_quad": ["renpy/common/000atl.rpy", 66], "_warper.easein_quad": ["renpy/common/000atl.rpy", 70], "_warper.ease_quad": ["renpy/common/000atl.rpy", 74], "_warper.easeout_cubic": ["renpy/common/000atl.rpy", 83], "_warper.easein_cubic": ["renpy/common/000atl.rpy", 87], "_warper.ease_cubic": ["renpy/common/000atl.rpy", 91], "_warper.easeout_quart": ["renpy/common/000atl.rpy", 100], "_warper.easein_quart": ["renpy/common/000atl.rpy", 104], "_warper.ease_quart": ["renpy/common/000atl.rpy", 108], "_warper.easeout_quint": ["renpy/common/000atl.rpy", 117], "_warper.easein_quint": ["renpy/common/000atl.rpy", 121], "_warper.ease_quint": ["renpy/common/000atl.rpy", 125], "_warper.easeout_expo": ["renpy/common/000atl.rpy", 134], "_warper.easein_expo": ["renpy/common/000atl.rpy", 138], "_warper.ease_expo": ["renpy/common/000atl.rpy", 142], "_warper.easeout_circ": ["renpy/common/000atl.rpy", 151], "_warper.easein_circ": ["renpy/common/000atl.rpy", 156], "_warper.ease_circ": ["renpy/common/000atl.rpy", 160], "_warper.easeout_back": ["renpy/common/000atl.rpy", 169], "_warper.easein_back": ["renpy/common/000atl.rpy", 174], "_warper.ease_back": ["renpy/common/000atl.rpy", 178], "_warper.easein_elastic": ["renpy/common/000atl.rpy", 187], "_warper.easeout_elastic": ["renpy/common/000atl.rpy", 193], "_warper.ease_elastic": ["renpy/common/000atl.rpy", 197], "_warper.easein_bounce": ["renpy/common/000atl.rpy", 206], "_warper.easeout_bounce": ["renpy/common/000atl.rpy", 219], "_warper.ease_bounce": ["renpy/common/000atl.rpy", 223], "achievement.Backend.register": ["renpy/common/00achievement.rpy", 39], "achievement.Backend.grant": ["renpy/common/00achievement.rpy", 44], "achievement.Backend.clear": ["renpy/common/00achievement.rpy", 50], "achievement.Backend.clear_all": ["renpy/common/00achievement.rpy", 55], "achievement.Backend.progress": ["renpy/common/00achievement.rpy", 60], "achievement.Backend.has": ["renpy/common/00achievement.rpy", 65], "achievement.PersistentBackend.__init__": ["renpy/common/00achievement.rpy", 77], "achievement.PersistentBackend.register": ["renpy/common/00achievement.rpy", 90], "achievement.PersistentBackend.grant": ["renpy/common/00achievement.rpy", 94], "achievement.PersistentBackend.clear": ["renpy/common/00achievement.rpy", 97], "achievement.PersistentBackend.clear_all": ["renpy/common/00achievement.rpy", 102], "achievement.PersistentBackend.has": ["renpy/common/00achievement.rpy", 106], "achievement.PersistentBackend.progress": ["renpy/common/00achievement.rpy", 109], "achievement.merge": ["renpy/common/00achievement.rpy", 126], "achievement.merge_progress": ["renpy/common/00achievement.rpy", 135], "achievement.register": ["renpy/common/00achievement.rpy", 160], "achievement.grant": ["renpy/common/00achievement.rpy", 193], "achievement.clear": ["renpy/common/00achievement.rpy", 209], "achievement.clear_all": ["renpy/common/00achievement.rpy", 223], "achievement.get_progress": ["renpy/common/00achievement.rpy", 233], "achievement.progress": ["renpy/common/00achievement.rpy", 248], "achievement.grant_progress": ["renpy/common/00achievement.rpy", 276], "achievement.has": ["renpy/common/00achievement.rpy", 279], "achievement.sync": ["renpy/common/00achievement.rpy", 293], "achievement.Sync.__call__": ["renpy/common/00achievement.rpy", 314], "achievement.Sync.get_sensitive": ["renpy/common/00achievement.rpy", 318], "achievement.SteamBackend.__init__": ["renpy/common/00steam.rpy", 856], "achievement.SteamBackend.register": ["renpy/common/00steam.rpy", 864], "achievement.SteamBackend.grant": ["renpy/common/00steam.rpy", 870], "achievement.SteamBackend.clear": ["renpy/common/00steam.rpy", 877], "achievement.SteamBackend.clear_all": ["renpy/common/00steam.rpy", 883], "achievement.SteamBackend.progress": ["renpy/common/00steam.rpy", 889], "achievement.SteamBackend.has": ["renpy/common/00steam.rpy", 920], "achievement.steam_preinit": ["renpy/common/00steam.rpy", 925], "achievement.steam_init": ["renpy/common/00steam.rpy", 956], "build.make_file_lists": ["renpy/common/00build.rpy", 33], "build.pattern_list": ["renpy/common/00build.rpy", 51], "build.classify_renpy": ["renpy/common/00build.rpy", 150], "build.classify": ["renpy/common/00build.rpy", 240], "build.clear": ["renpy/common/00build.rpy", 253], "build.remove": ["renpy/common/00build.rpy", 262], "build.archive": ["renpy/common/00build.rpy", 273], "build.documentation": ["renpy/common/00build.rpy", 304], "build.executable": ["renpy/common/00build.rpy", 324], "build.package": ["renpy/common/00build.rpy", 338], "build.dump": ["renpy/common/00build.rpy", 541], "_console.PrettyRepr.repr_bytes": ["renpy/common/00console.rpy", 141], "_console.PrettyRepr.repr_str": ["renpy/common/00console.rpy", 148], "_console.PrettyRepr.repr_tuple": ["renpy/common/00console.rpy", 166], "_console.PrettyRepr.repr_list": ["renpy/common/00console.rpy", 182], "_console.PrettyRepr.repr_RevertableList": ["renpy/common/00console.rpy", 182], "_console.PrettyRepr.repr_set": ["renpy/common/00console.rpy", 192], "_console.PrettyRepr.repr_RevertableSet": ["renpy/common/00console.rpy", 192], "_console.PrettyRepr.repr_frozenset": ["renpy/common/00console.rpy", 202], "_console.PrettyRepr.repr_dict": ["renpy/common/00console.rpy", 210], "_console.PrettyRepr.repr_RevertableDict": ["renpy/common/00console.rpy", 210], "_console.PrettyRepr.repr_defaultdict": ["renpy/common/00console.rpy", 221], "_console.PrettyRepr.repr_OrderedDict": ["renpy/common/00console.rpy", 234], "_console.PrettyRepr.repr_dict_keys": ["renpy/common/00console.rpy", 243], "_console.PrettyRepr.repr_dict_values": ["renpy/common/00console.rpy", 251], "_console.PrettyRepr.repr_dict_items": ["renpy/common/00console.rpy", 259], "_console.PrettyRepr.repr__PrettyDictItem": ["renpy/common/00console.rpy", 277], "_console.PrettyRepr.repr_Matrix": ["renpy/common/00console.rpy", 364], "_console.BoundedList.__init__": ["renpy/common/00console.rpy", 412], "_console.BoundedList.append": ["renpy/common/00console.rpy", 416], "_console.BoundedList.clear": ["renpy/common/00console.rpy", 426], "_console.ConsoleHistoryEntry.__init__": ["renpy/common/00console.rpy", 436], "_console.ConsoleHistoryEntry.update_lines": ["renpy/common/00console.rpy", 441], "_console.HistoryEntry.__init__": ["renpy/common/00console.rpy", 436], "_console.HistoryEntry.update_lines": ["renpy/common/00console.rpy", 441], "_console.stdout_line": ["renpy/common/00console.rpy", 463], "_console.stderr_line": ["renpy/common/00console.rpy", 472], "_console.ScriptErrorHandler.__init__": ["renpy/common/00console.rpy", 491], "_console.ScriptErrorHandler.__call__": ["renpy/common/00console.rpy", 494], "_console.DebugConsole.__init__": ["renpy/common/00console.rpy", 507], "_console.DebugConsole.backup": ["renpy/common/00console.rpy", 527], "_console.DebugConsole.start": ["renpy/common/00console.rpy", 532], "_console.DebugConsole.reset": ["renpy/common/00console.rpy", 550], "_console.DebugConsole.recall_line": ["renpy/common/00console.rpy", 557], "_console.DebugConsole.older": ["renpy/common/00console.rpy", 574], "_console.DebugConsole.newer": ["renpy/common/00console.rpy", 577], "_console.DebugConsole.interact": ["renpy/common/00console.rpy", 580], "_console.DebugConsole.show_stdio": ["renpy/common/00console.rpy", 637], "_console.DebugConsole.can_renpy": ["renpy/common/00console.rpy", 663], "_console.DebugConsole.format_exception": ["renpy/common/00console.rpy", 670], "_console.DebugConsole.run": ["renpy/common/00console.rpy", 674], "_console.enter": ["renpy/common/00console.rpy", 761], "_console.command": ["renpy/common/00console.rpy", 789], "_console.help": ["renpy/common/00console.rpy", 798], "_console.halp": ["renpy/common/00console.rpy", 847], "_console.clear": ["renpy/common/00console.rpy", 851], "_console.exit": ["renpy/common/00console.rpy", 855], "_console.quit": ["renpy/common/00console.rpy", 859], "_console.stack": ["renpy/common/00console.rpy", 863], "_console.load": ["renpy/common/00console.rpy", 885], "_console.save": ["renpy/common/00console.rpy", 898], "_console.reload": ["renpy/common/00console.rpy", 909], "_console.R": ["renpy/common/00console.rpy", 913], "_console.watch": ["renpy/common/00console.rpy", 917], "_console.renpy_watch": ["renpy/common/00console.rpy", 936], "_console.unwatch": ["renpy/common/00console.rpy", 954], "_console.watch_after_load": ["renpy/common/00console.rpy", 973], "_console.renpy_unwatch": ["renpy/common/00console.rpy", 982], "_console.unwatchall": ["renpy/common/00console.rpy", 1000], "_console.renpy_unwatchall": ["renpy/common/00console.rpy", 1008], "_console.jump": ["renpy/common/00console.rpy", 1021], "_console.short": ["renpy/common/00console.rpy", 1037], "_console.long": ["renpy/common/00console.rpy", 1041], "_console.escape": ["renpy/common/00console.rpy", 1045], "_console.unescape": ["renpy/common/00console.rpy", 1049], "director.audio_code_to_filename": ["renpy/common/00director.rpy", 100], "director.audio_filename_to_code": ["renpy/common/00director.rpy", 103], "director.audio_filename_to_display": ["renpy/common/00director.rpy", 106], "director.is_play": ["renpy/common/00director.rpy", 109], "director.is_queue": ["renpy/common/00director.rpy", 112], "director.is_stop": ["renpy/common/00director.rpy", 115], "director.is_voice": ["renpy/common/00director.rpy", 118], "director.is_interesting": ["renpy/common/00director.rpy", 122], "director.interact_base": ["renpy/common/00director.rpy", 208], "director.after_load": ["renpy/common/00director.rpy", 286], "director.interact": ["renpy/common/00director.rpy", 291], "director.line_log_callback": ["renpy/common/00director.rpy", 307], "director.init": ["renpy/common/00director.rpy", 314], "director.command": ["renpy/common/00director.rpy", 329], "director.get_scene_show_hide_statement": ["renpy/common/00director.rpy", 343], "director.quote_audio": ["renpy/common/00director.rpy", 382], "director.get_play_queue_statement": ["renpy/common/00director.rpy", 398], "director.get_stop_statement": ["renpy/common/00director.rpy", 407], "director.get_voice_statement": ["renpy/common/00director.rpy", 413], "director.get_statement": ["renpy/common/00director.rpy", 419], "director.update_ast": ["renpy/common/00director.rpy", 445], "director.dump_script": ["renpy/common/00director.rpy", 471], "director.pick_tag": ["renpy/common/00director.rpy", 477], "director.find_statement": ["renpy/common/00director.rpy", 498], "director.needs_space": ["renpy/common/00director.rpy", 518], "director.is_spacing": ["renpy/common/00director.rpy", 553], "director.adjust_spacing_before": ["renpy/common/00director.rpy", 563], "director.add_spacing": ["renpy/common/00director.rpy", 604], "director.remove_spacing": ["renpy/common/00director.rpy", 608], "director.get_tags": ["renpy/common/00director.rpy", 614], "director.get_attributes": ["renpy/common/00director.rpy", 634], "director.get_transforms": ["renpy/common/00director.rpy", 644], "director.get_image_attributes": ["renpy/common/00director.rpy", 651], "director.get_ordered_attributes": ["renpy/common/00director.rpy", 662], "director.get_behind_tags": ["renpy/common/00director.rpy", 676], "director.Start.__call__": ["renpy/common/00director.rpy", 701], "director.Start.get_sensitive": ["renpy/common/00director.rpy", 735], "director.Stop.__call__": ["renpy/common/00director.rpy", 743], "director.AddStatement.__init__": ["renpy/common/00director.rpy", 757], "director.AddStatement.get_sensitive": ["renpy/common/00director.rpy", 762], "director.AddStatement.__call__": ["renpy/common/00director.rpy", 765], "director.is_scene_show_hide_editable": ["renpy/common/00director.rpy", 801], "director.ChangeStatement.__init__": ["renpy/common/00director.rpy", 836], "director.ChangeStatement.get_sensitive": ["renpy/common/00director.rpy", 948], "director.ChangeStatement.__call__": ["renpy/common/00director.rpy", 951], "director.SetKind.__init__": ["renpy/common/00director.rpy", 1004], "director.SetKind.__call__": ["renpy/common/00director.rpy", 1007], "director.SetTag.__init__": ["renpy/common/00director.rpy", 1036], "director.SetTag.__call__": ["renpy/common/00director.rpy", 1039], "director.SetTag.get_selected": ["renpy/common/00director.rpy", 1051], "director.ToggleAttribute.__init__": ["renpy/common/00director.rpy", 1064], "director.ToggleAttribute.__call__": ["renpy/common/00director.rpy", 1067], "director.ToggleAttribute.get_selected": ["renpy/common/00director.rpy", 1086], "director.ToggleNegativeAttribute.__init__": ["renpy/common/00director.rpy", 1095], "director.ToggleNegativeAttribute.__call__": ["renpy/common/00director.rpy", 1100], "director.SetList.__init__": ["renpy/common/00director.rpy", 1118], "director.SetList.__call__": ["renpy/common/00director.rpy", 1122], "director.SetList.get_selected": ["renpy/common/00director.rpy", 1130], "director.ToggleList.__init__": ["renpy/common/00director.rpy", 1140], "director.ToggleList.__call__": ["renpy/common/00director.rpy", 1144], "director.ToggleList.get_selected": ["renpy/common/00director.rpy", 1152], "director.SetTransition.__init__": ["renpy/common/00director.rpy", 1161], "director.SetTransition.__call__": ["renpy/common/00director.rpy", 1164], "director.SetTransition.get_selected": ["renpy/common/00director.rpy", 1169], "director.SetChannel.__init__": ["renpy/common/00director.rpy", 1178], "director.SetChannel.__call__": ["renpy/common/00director.rpy", 1181], "director.SetChannel.get_selected": ["renpy/common/00director.rpy", 1189], "director.SetAudio.__init__": ["renpy/common/00director.rpy", 1198], "director.SetAudio.__call__": ["renpy/common/00director.rpy", 1201], "director.SetAudio.get_selected": ["renpy/common/00director.rpy", 1206], "director.Commit.__call__": ["renpy/common/00director.rpy", 1215], "director.Commit.get_sensitive": ["renpy/common/00director.rpy", 1237], "director.Reset.__call__": ["renpy/common/00director.rpy", 1246], "director.Cancel.__call__": ["renpy/common/00director.rpy", 1266], "director.Remove.__call__": ["renpy/common/00director.rpy", 1287], "director.SemiModal.__init__": ["renpy/common/00director.rpy", 1307], "director.SemiModal.per_interact": ["renpy/common/00director.rpy", 1314], "director.SemiModal.render": ["renpy/common/00director.rpy", 1317], "director.SemiModal.event": ["renpy/common/00director.rpy", 1333], "director.SemiModal.get_placement": ["renpy/common/00director.rpy", 1357], "director.SemiModal.visit": ["renpy/common/00director.rpy", 1360], "director.component_key": ["renpy/common/00director.rpy", 1367], "_gamepad.EventWatcher.__init__": ["renpy/common/00gamepad.rpy", 88], "_gamepad.EventWatcher.render": ["renpy/common/00gamepad.rpy", 93], "_gamepad.EventWatcher.event": ["renpy/common/00gamepad.rpy", 96], "_gamepad.calibrate": ["renpy/common/00gamepad.rpy", 120], "iap.Product.__init__": ["renpy/common/00iap.rpy", 36], "iap.NoneBackend.get_store_name": ["renpy/common/00iap.rpy", 54], "iap.NoneBackend.purchase": ["renpy/common/00iap.rpy", 62], "iap.NoneBackend.restore_purchases": ["renpy/common/00iap.rpy", 70], "iap.NoneBackend.has_purchased": ["renpy/common/00iap.rpy", 79], "iap.NoneBackend.consume": ["renpy/common/00iap.rpy", 86], "iap.NoneBackend.is_deferred": ["renpy/common/00iap.rpy", 94], "iap.NoneBackend.get_price": ["renpy/common/00iap.rpy", 101], "iap.NoneBackend.init": ["renpy/common/00iap.rpy", 109], "iap.NoneBackend.request_review": ["renpy/common/00iap.rpy", 116], "iap.AndroidBackend.__init__": ["renpy/common/00iap.rpy", 128], "iap.AndroidBackend.get_store_name": ["renpy/common/00iap.rpy", 139], "iap.AndroidBackend.identifier": ["renpy/common/00iap.rpy", 142], "iap.AndroidBackend.wait_for_result": ["renpy/common/00iap.rpy", 152], "iap.AndroidBackend.purchase": ["renpy/common/00iap.rpy", 167], "iap.AndroidBackend.restore_purchases": ["renpy/common/00iap.rpy", 172], "iap.AndroidBackend.has_purchased": ["renpy/common/00iap.rpy", 179], "iap.AndroidBackend.consume": ["renpy/common/00iap.rpy", 183], "iap.AndroidBackend.is_deferred": ["renpy/common/00iap.rpy", 186], "iap.AndroidBackend.get_price": ["renpy/common/00iap.rpy", 189], "iap.AndroidBackend.request_review": ["renpy/common/00iap.rpy", 193], "iap.AndroidBackend.init": ["renpy/common/00iap.rpy", 196], "iap.IOSBackend.__init__": ["renpy/common/00iap.rpy", 208], "iap.IOSBackend.get_store_name": ["renpy/common/00iap.rpy", 220], "iap.IOSBackend.set_title": ["renpy/common/00iap.rpy", 230], "iap.IOSBackend.identifier": ["renpy/common/00iap.rpy", 233], "iap.IOSBackend.wait_for_result": ["renpy/common/00iap.rpy", 240], "iap.IOSBackend.validate_products": ["renpy/common/00iap.rpy", 257], "iap.IOSBackend.purchase": ["renpy/common/00iap.rpy", 266], "iap.IOSBackend.restore_purchases": ["renpy/common/00iap.rpy", 274], "iap.IOSBackend.has_purchased": ["renpy/common/00iap.rpy", 281], "iap.IOSBackend.consume": ["renpy/common/00iap.rpy", 285], "iap.IOSBackend.is_deferred": ["renpy/common/00iap.rpy", 289], "iap.IOSBackend.get_price": ["renpy/common/00iap.rpy", 293], "iap.IOSBackend.request_review": ["renpy/common/00iap.rpy", 308], "iap.IOSBackend.init": ["renpy/common/00iap.rpy", 312], "iap.register": ["renpy/common/00iap.rpy", 322], "iap.with_background": ["renpy/common/00iap.rpy", 368], "iap.restore": ["renpy/common/00iap.rpy", 381], "iap.Restore.__call__": ["renpy/common/00iap.rpy", 404], "iap.Restore.get_sensitive": ["renpy/common/00iap.rpy", 407], "iap.get_product": ["renpy/common/00iap.rpy", 410], "iap.purchase": ["renpy/common/00iap.rpy", 417], "iap.Purchase.__init__": ["renpy/common/00iap.rpy", 463], "iap.Purchase.__call__": ["renpy/common/00iap.rpy", 468], "iap.Purchase.should_be_sensitive": ["renpy/common/00iap.rpy", 476], "iap.Purchase.get_sensitive": ["renpy/common/00iap.rpy", 489], "iap.Purchase.periodic": ["renpy/common/00iap.rpy", 493], "iap.has_purchased": ["renpy/common/00iap.rpy", 499], "iap.is_deferred": ["renpy/common/00iap.rpy", 518], "iap.get_price": ["renpy/common/00iap.rpy", 533], "iap.get_store_name": ["renpy/common/00iap.rpy", 549], "iap.request_review": ["renpy/common/00iap.rpy", 560], "iap.missing_products": ["renpy/common/00iap.rpy", 575], "iap.init_android": ["renpy/common/00iap.rpy", 586], "iap.init": ["renpy/common/00iap.rpy", 602], "icon.Icon.__init__": ["renpy/common/00icon.rpy", 31], "icon.Icon.find_image": ["renpy/common/00icon.rpy", 36], "icon.Icon.render": ["renpy/common/00icon.rpy", 57], "icon.Icon.visit": ["renpy/common/00icon.rpy", 78], "layeredimage.format_function": ["renpy/common/00layeredimage.rpy", 22], "layeredimage.Layer.__init__": ["renpy/common/00layeredimage.rpy", 101], "layeredimage.Layer.check": ["renpy/common/00layeredimage.rpy", 111], "layeredimage.Layer.wrap": ["renpy/common/00layeredimage.rpy", 131], "layeredimage.Attribute.__init__": ["renpy/common/00layeredimage.rpy", 204], "layeredimage.Attribute.apply_format": ["renpy/common/00layeredimage.rpy", 223], "layeredimage.Attribute.get_displayable": ["renpy/common/00layeredimage.rpy", 233], "layeredimage.RawAttribute.__init__": ["renpy/common/00layeredimage.rpy", 246], "layeredimage.RawAttribute.execute": ["renpy/common/00layeredimage.rpy", 251], "layeredimage.RawAttributeGroup.__init__": ["renpy/common/00layeredimage.rpy", 269], "layeredimage.RawAttributeGroup.execute": ["renpy/common/00layeredimage.rpy", 276], "layeredimage.Condition.__init__": ["renpy/common/00layeredimage.rpy", 358], "layeredimage.Condition.apply_format": ["renpy/common/00layeredimage.rpy", 364], "layeredimage.Condition.get_displayable": ["renpy/common/00layeredimage.rpy", 373], "layeredimage.RawCondition.__init__": ["renpy/common/00layeredimage.rpy", 387], "layeredimage.RawCondition.execute": ["renpy/common/00layeredimage.rpy", 392], "layeredimage.ConditionGroup.__init__": ["renpy/common/00layeredimage.rpy", 408], "layeredimage.ConditionGroup.apply_format": ["renpy/common/00layeredimage.rpy", 411], "layeredimage.ConditionGroup.get_displayable": ["renpy/common/00layeredimage.rpy", 415], "layeredimage.RawConditionGroup.__init__": ["renpy/common/00layeredimage.rpy", 432], "layeredimage.RawConditionGroup.execute": ["renpy/common/00layeredimage.rpy", 435], "layeredimage.Always.__init__": ["renpy/common/00layeredimage.rpy", 475], "layeredimage.Always.apply_format": ["renpy/common/00layeredimage.rpy", 481], "layeredimage.Always.get_displayable": ["renpy/common/00layeredimage.rpy", 490], "layeredimage.RawAlways.__init__": ["renpy/common/00layeredimage.rpy", 499], "layeredimage.RawAlways.execute": ["renpy/common/00layeredimage.rpy", 503], "layeredimage.LayeredImage.__init__": ["renpy/common/00layeredimage.rpy", 582], "layeredimage.LayeredImage.format": ["renpy/common/00layeredimage.rpy", 607], "layeredimage.LayeredImage.add": ["renpy/common/00layeredimage.rpy", 623], "layeredimage.LayeredImage.get_banned": ["renpy/common/00layeredimage.rpy", 648], "layeredimage.RawLayeredImage.__init__": ["renpy/common/00layeredimage.rpy", 792], "layeredimage.RawLayeredImage.execute": ["renpy/common/00layeredimage.rpy", 797], "layeredimage.execute_layeredimage": ["renpy/common/00layeredimage.rpy", 810], "layeredimage.parse_property": ["renpy/common/00layeredimage.rpy", 814], "layeredimage.parse_attribute": ["renpy/common/00layeredimage.rpy", 845], "layeredimage.parse_always": ["renpy/common/00layeredimage.rpy", 899], "layeredimage.parse_group": ["renpy/common/00layeredimage.rpy", 951], "layeredimage.parse_condition": ["renpy/common/00layeredimage.rpy", 988], "layeredimage.parse_conditions": ["renpy/common/00layeredimage.rpy", 1041], "layeredimage.parse_layeredimage": ["renpy/common/00layeredimage.rpy", 1061], "layeredimage.LayeredImageProxy.__init__": ["renpy/common/00layeredimage.rpy", 1142], "layeredimage.LayeredImageProxy.filter_attributes": ["renpy/common/00layeredimage.rpy", 1180], "bubble.ToggleShown.__call__": ["renpy/common/00speechbubble.rpy", 93], "bubble.ToggleShown.get_selected": ["renpy/common/00speechbubble.rpy", 100], "bubble.scene_callback": ["renpy/common/00speechbubble.rpy", 103], "bubble.character_callback": ["renpy/common/00speechbubble.rpy", 110], "bubble.BubbleCharacter.__init__": ["renpy/common/00speechbubble.rpy", 119], "bubble.BubbleCharacter.bubble_default_properties": ["renpy/common/00speechbubble.rpy", 150], "bubble.BubbleCharacter.expand_area": ["renpy/common/00speechbubble.rpy", 184], "bubble.BubbleCharacter.do_add": ["renpy/common/00speechbubble.rpy", 206], "bubble.BubbleCharacter.do_show": ["renpy/common/00speechbubble.rpy", 215], "bubble.CycleBubbleProperty.__init__": ["renpy/common/00speechbubble.rpy", 255], "bubble.CycleBubbleProperty.get_selected": ["renpy/common/00speechbubble.rpy", 259], "bubble.CycleBubbleProperty.__call__": ["renpy/common/00speechbubble.rpy", 262], "bubble.CycleBubbleProperty.alternate": ["renpy/common/00speechbubble.rpy", 281], "bubble.ToggleClearRetain.__init__": ["renpy/common/00speechbubble.rpy", 292], "bubble.ToggleClearRetain.get_selected": ["renpy/common/00speechbubble.rpy", 295], "bubble.ToggleClearRetain.__call__": ["renpy/common/00speechbubble.rpy", 298], "bubble.ToggleClearRetain.alternate": ["renpy/common/00speechbubble.rpy", 302], "bubble.SetWindowArea.__init__": ["renpy/common/00speechbubble.rpy", 311], "bubble.SetWindowArea.__call__": ["renpy/common/00speechbubble.rpy", 315], "bubble.SetWindowArea.get_selected": ["renpy/common/00speechbubble.rpy", 319], "bubble.SetWindowArea.finished": ["renpy/common/00speechbubble.rpy", 322], "bubble.SetWindowArea.alternate": ["renpy/common/00speechbubble.rpy", 327], "bubble.GetCurrentDialogue": ["renpy/common/00speechbubble.rpy", 332], "bubble.statement_callback": ["renpy/common/00speechbubble.rpy", 366], "_renpysteam.retrieve_stats": ["renpy/common/00steam.rpy", 42], "_renpysteam.store_stats": ["renpy/common/00steam.rpy", 56], "_renpysteam.list_achievements": ["renpy/common/00steam.rpy", 66], "_renpysteam.get_achievement": ["renpy/common/00steam.rpy", 83], "_renpysteam.grant_achievement": ["renpy/common/00steam.rpy", 102], "_renpysteam.clear_achievement": ["renpy/common/00steam.rpy", 113], "_renpysteam.indicate_achievement_progress": ["renpy/common/00steam.rpy", 124], "_renpysteam.get_float_stat": ["renpy/common/00steam.rpy", 135], "_renpysteam.set_float_stat": ["renpy/common/00steam.rpy", 153], "_renpysteam.get_int_stat": ["renpy/common/00steam.rpy", 165], "_renpysteam.set_int_stat": ["renpy/common/00steam.rpy", 182], "_renpysteam.is_subscribed_app": ["renpy/common/00steam.rpy", 196], "_renpysteam.get_current_game_language": ["renpy/common/00steam.rpy", 206], "_renpysteam.get_steam_ui_language": ["renpy/common/00steam.rpy", 216], "_renpysteam.get_current_beta_name": ["renpy/common/00steam.rpy", 226], "_renpysteam.dlc_installed": ["renpy/common/00steam.rpy", 243], "_renpysteam.install_dlc": ["renpy/common/00steam.rpy", 253], "_renpysteam.uninstall_dlc": ["renpy/common/00steam.rpy", 263], "_renpysteam.dlc_progress": ["renpy/common/00steam.rpy", 273], "_renpysteam.get_app_build_id": ["renpy/common/00steam.rpy", 292], "_renpysteam.is_overlay_enabled": ["renpy/common/00steam.rpy", 304], "_renpysteam.overlay_needs_present": ["renpy/common/00steam.rpy", 317], "_renpysteam.set_overlay_notification_position": ["renpy/common/00steam.rpy", 339], "_renpysteam.activate_overlay": ["renpy/common/00steam.rpy", 351], "_renpysteam.activate_overlay_to_web_page": ["renpy/common/00steam.rpy", 365], "_renpysteam.activate_overlay_to_store": ["renpy/common/00steam.rpy", 374], "_renpysteam.get_persona_name": ["renpy/common/00steam.rpy", 394], "_renpysteam.get_csteam_id": ["renpy/common/00steam.rpy", 404], "_renpysteam.get_account_id": ["renpy/common/00steam.rpy", 417], "_renpysteam.get_session_ticket": ["renpy/common/00steam.rpy", 427], "_renpysteam.cancel_ticket": ["renpy/common/00steam.rpy", 453], "_renpysteam.get_game_badge_level": ["renpy/common/00steam.rpy", 469], "_renpysteam.get_subscribed_items": ["renpy/common/00steam.rpy", 481], "_renpysteam.get_subscribed_item_path": ["renpy/common/00steam.rpy", 504], "_renpysteam.set_timeline_state_description": ["renpy/common/00steam.rpy", 528], "_renpysteam.clear_timeline_state_description": ["renpy/common/00steam.rpy", 543], "_renpysteam.add_timeline_event": ["renpy/common/00steam.rpy", 552], "_renpysteam.set_timeline_game_mode": ["renpy/common/00steam.rpy", 595], "_renpysteam.import_api": ["renpy/common/00steam.rpy", 612], "_renpysteam.periodic": ["renpy/common/00steam.rpy", 655], "_renpysteam.prime_keyboard": ["renpy/common/00steam.rpy", 715], "_renpysteam.keyboard_periodic": ["renpy/common/00steam.rpy", 721], "_renpysteam.keyboard_dismissed": ["renpy/common/00steam.rpy", 775], "_sync.check_sync_id": ["renpy/common/00sync.rpy", 98], "_sync.get_sync_id": ["renpy/common/00sync.rpy", 115], "_sync.hash_game": ["renpy/common/00sync.rpy", 141], "_sync.key_and_hash": ["renpy/common/00sync.rpy", 158], "_sync.verbose_error": ["renpy/common/00sync.rpy", 183], "_sync.upload_content": ["renpy/common/00sync.rpy", 199], "_sync.download_content": ["renpy/common/00sync.rpy", 207], "_sync.report_error": ["renpy/common/00sync.rpy", 217], "_sync.upload": ["renpy/common/00sync.rpy", 220], "_sync.download": ["renpy/common/00sync.rpy", 309], "textshader.adjust_duration": ["renpy/common/00textshader_ren.py", 34], "updater.urlopen": ["renpy/common/00updater.rpy", 46], "updater.urlretrieve": ["renpy/common/00updater.rpy", 50], "updater.process_deferred_line": ["renpy/common/00updater.rpy", 83], "updater.process_deferred": ["renpy/common/00updater.rpy", 107], "updater.process_deleted": ["renpy/common/00updater.rpy", 149], "updater.zsync_path": ["renpy/common/00updater.rpy", 162], "updater.Updater.__init__": ["renpy/common/00updater.rpy", 259], "updater.Updater.run": ["renpy/common/00updater.rpy", 394], "updater.Updater.update": ["renpy/common/00updater.rpy", 442], "updater.Updater.prompt_confirm": ["renpy/common/00updater.rpy", 508], "updater.Updater.fetch_files_rpu": ["renpy/common/00updater.rpy", 539], "updater.Updater.rpu_copy_fields": ["renpy/common/00updater.rpy", 564], "updater.Updater.rpu_progress": ["renpy/common/00updater.rpy", 578], "updater.Updater.rpu_update": ["renpy/common/00updater.rpy", 593], "updater.Updater.zsync_update": ["renpy/common/00updater.rpy", 686], "updater.Updater.simulation": ["renpy/common/00updater.rpy", 746], "updater.Updater.periodic": ["renpy/common/00updater.rpy", 829], "updater.Updater.proceed": ["renpy/common/00updater.rpy", 840], "updater.Updater.cancel": ["renpy/common/00updater.rpy", 865], "updater.Updater.unlink": ["renpy/common/00updater.rpy", 879], "updater.Updater.rename": ["renpy/common/00updater.rpy", 902], "updater.Updater.path": ["renpy/common/00updater.rpy", 922], "updater.Updater.load_state": ["renpy/common/00updater.rpy", 941], "updater.Updater.test_write": ["renpy/common/00updater.rpy", 958], "updater.Updater.check_updates": ["renpy/common/00updater.rpy", 972], "updater.Updater.add_dlc_state": ["renpy/common/00updater.rpy", 1061], "updater.Updater.check_versions": ["renpy/common/00updater.rpy", 1085], "updater.Updater.update_filename": ["renpy/common/00updater.rpy", 1124], "updater.Updater.prepare": ["renpy/common/00updater.rpy", 1135], "updater.Updater.split_inputs": ["renpy/common/00updater.rpy", 1195], "updater.Updater.download": ["renpy/common/00updater.rpy", 1231], "updater.Updater.download_direct": ["renpy/common/00updater.rpy", 1400], "updater.Updater.unpack": ["renpy/common/00updater.rpy", 1496], "updater.Updater.move_files": ["renpy/common/00updater.rpy", 1567], "updater.Updater.delete_obsolete": ["renpy/common/00updater.rpy", 1589], "updater.Updater.save_state": ["renpy/common/00updater.rpy", 1634], "updater.Updater.clean": ["renpy/common/00updater.rpy", 1644], "updater.Updater.clean_old": ["renpy/common/00updater.rpy", 1656], "updater.Updater.clean_new": ["renpy/common/00updater.rpy", 1660], "updater.get_installed_state": ["renpy/common/00updater.rpy", 1667], "updater.get_installed_packages": ["renpy/common/00updater.rpy", 1697], "updater.can_update": ["renpy/common/00updater.rpy", 1717], "updater.update": ["renpy/common/00updater.rpy", 1740], "updater.Update.__init__": ["renpy/common/00updater.rpy", 1849], "updater.Update.__call__": ["renpy/common/00updater.rpy", 1853], "updater.UpdateVersion": ["renpy/common/00updater.rpy", 1860], "updater.update_command": ["renpy/common/00updater.rpy", 1902], "updater.start_game_download": ["renpy/common/00updater.rpy", 1951], "updater.continue_game_download": ["renpy/common/00updater.rpy", 1981]}}, "build": {"directory_name": "MysticPages-1.0", "executable_name": "MysticPages", "include_update": false, "packages": [{"name": "gameonly", "formats": ["null"], "file_lists": ["all"], "description": "Game-Only Update for Mobile", "update": true, "dlc": false, "hidden": true}, {"name": "pc", "formats": ["zip"], "file_lists": ["windows", "linux", "renpy", "all"], "description": "PC: Windows and Linux", "update": true, "dlc": false, "hidden": false}, {"name": "linux", "formats": ["tar.bz2"], "file_lists": ["linux", "linux_arm", "renpy", "all"], "description": "Linux", "update": true, "dlc": false, "hidden": false}, {"name": "mac", "formats": ["app-zip", "app-dmg"], "file_lists": ["mac", "renpy", "all"], "description": "Macintosh", "update": true, "dlc": false, "hidden": false}, {"name": "win", "formats": ["zip"], "file_lists": ["windows", "renpy", "all"], "description": "Windows", "update": true, "dlc": false, "hidden": false}, {"name": "market", "formats": ["bare-zip"], "file_lists": ["windows", "linux", "mac", "renpy", "all"], "description": "Windows, Mac, Linux for Markets", "update": true, "dlc": false, "hidden": false}, {"name": "steam", "formats": ["zip"], "file_lists": ["windows", "linux", "mac", "renpy", "all"], "description": "steam", "update": true, "dlc": false, "hidden": true}, {"name": "android", "formats": ["directory"], "file_lists": ["android", "all"], "description": "android", "update": false, "dlc": true, "hidden": true}, {"name": "ios", "formats": ["directory"], "file_lists": ["ios", "all"], "description": "ios", "update": false, "dlc": true, "hidden": true}, {"name": "web", "formats": ["zip"], "file_lists": ["web", "renpy", "all"], "description": "web", "update": false, "dlc": true, "hidden": true}], "archives": [["archive", ["all"]]], "documentation_patterns": ["*.html", "*.txt"], "base_patterns": [["*.py", null], ["*.sh", null], ["*.app/", null], ["*.dll", null], ["*.manifest", null], ["*.keystore", null], ["**.rpe", null], ["**.rpe.py", null], ["update.pem", null], ["lib/", null], ["renpy/", null], ["update/", null], ["common/", null], ["update/", null], ["old-game/", null], ["base/", null], ["icon.ico", null], ["icon.icns", null], ["project.json", null], ["log.txt", null], ["errors.txt", null], ["traceback.txt", null], ["image_cache.txt", null], ["text_overflow.txt", null], ["dialogue.txt", null], ["dialogue.tab", null], ["profile_screen.txt", null], ["files.txt", null], ["memory.txt", null], ["tmp/", null], ["game/saves/", null], ["game/bytecode.rpyb", null], ["archived/", null], ["launcherinfo.py", null], ["android.txt", null], ["game/presplash*.*", ["all"]], ["android.json", ["android"]], [".android.json", ["android"]], ["android-*.png", ["android"]], ["android-*.jpg", ["android"]], ["ouya_icon.png", null], ["ios-presplash.*", ["ios"]], ["ios-launchimage.png", null], ["ios-icon.png", null], ["web-presplash.png", ["web"]], ["web-presplash.jpg", ["web"]], ["web-presplash.webp", ["web"]], ["web-icon.png", ["web"]], ["progressive_download.txt", ["web"]], ["steam_appid.txt", null], ["game/cache/bytecode-39.rpyb", ["all"]], ["game/cache/bytecode-311.rpyb", ["web"]], ["game/cache/bytecode-*.rpyb", null], ["game/cache/build_info.json", null], ["game/cache/build_time.txt", null], ["**~", null], ["**.bak", null], ["**/.**", null], ["**/#**", null], ["**/thumbs.db", null], [".*", null], ["**", ["all"]]], "renpy_patterns": [["renpy/common/_compat/**", null], ["renpy/common/_roundrect/**", null], ["renpy/common/_outline/**", null], ["renpy/common/_theme**", null], ["renpy/**__pycache__/**.cpython-39.pyc", ["all"]], ["renpy/**__pycache__", ["all"]], ["**~", null], ["**/#*", null], ["**/.*", null], ["**.old", null], ["**.new", null], ["**.rpa", null], ["**.rpe", null], ["**.rpe.py", null], ["**/steam_appid.txt", null], ["renpy.py", ["all"]], ["renpy/", ["all"]], ["renpy/**.py", ["renpy"]], ["renpy/**.pxd", null], ["renpy/**.pxi", null], ["renpy/**.pyx", null], ["renpy/**.pyc", null], ["renpy/**.pyo", null], ["renpy/common/", ["all"]], ["renpy/common/_compat/**", ["renpy"]], ["renpy/common/**.rpy", ["renpy"]], ["renpy/common/**.rpym", ["renpy"]], ["renpy/common/_compat/**", ["renpy"]], ["renpy/common/**", ["all"]], ["renpy/**", ["all"]], ["lib/*/renpy", null], ["lib/*/renpy.exe", null], ["lib/*/pythonw.exe", null], ["lib/py2-*/", null], ["lib/py*-windows-i686/**", ["windows_i686"]], ["lib/py*-windows-x86_64/**", ["windows"]], ["lib/py*-linux-i686/**", ["linux_i686"]], ["lib/py*-linux-aarch64/**", ["linux_arm"]], ["lib/py*-linux-armv7l/**", ["linux_arm"]], ["lib/py*-linux-*/**", ["linux"]], ["lib/py*-mac-*/**", ["mac"]], ["lib/python2.*/**", null], ["lib/**", ["windows", "linux", "mac", "android", "ios"]], ["renpy.sh", ["linux", "mac"]]], "xbit_patterns": ["**.sh", "lib/py*-linux-*/*", "lib/py*-mac-*/*", "**.app/Contents/MacOS/*"], "version": "1.0", "display_name": "MysticPages", "exclude_empty_directories": true, "allow_integrated_gpu": true, "renpy": false, "script_version": true, "destination": "MysticPages-1.0-dists", "itch_channels": {"*-all.zip": "win-osx-linux", "*-market.zip": "win-osx-linux", "*-pc.zip": "win-linux", "*-win.zip": "win", "*-mac.zip": "osx", "*-linux.tar.bz2": "linux", "*-release.apk": "android"}, "mac_info_plist": {}, "merge": [["linux_i686", "linux"], ["windows_i686", "windows"]], "include_i686": true, "change_icon_i686": true, "android_permissions": [], "_sdk_fonts": false, "update_formats": ["rpu"], "info": {"info": {}, "time": 1732776006.9839709, "name": "MysticPages", "version": "1.0"}}}